sensor_id,timestamp,temperature,humidity,location,sensor_type
1045,2025-04-04 06:41:06,32.99,67.12,BuildingA_Floor2,TypeA
1097,2025-04-07 01:16:56,17.58,41.81,BuildingB_Floor1,TypeB
1061,2025-04-08 23:27:40,21.56,34.69,BuildingA_Floor2,TypeA
1012,2025-04-06 23:23:39,18.16,51.38,BuildingA_Floor2,TypeC
1036,2025-04-04 03:53:07,26.38,38.32,BuildingB_Floor1,TypeA
1065,2025-04-04 05:14:39,28.93,52.7,BuildingB_Floor2,TypeC
1009,2025-04-07 01:56:01,24.8,49.0,BuildingB_Floor1,TypeC
1084,2025-04-06 21:15:49,24.64,74.51,BuildingB_Floor2,TypeB
1029,2025-04-05 11:00:00,21.23,34.54,BuildingA_Floor1,TypeC
1088,2025-04-07 03:35:18,34.37,56.69,BuildingB_Floor2,TypeA
1082,2025-04-06 01:28:44,30.95,78.04,BuildingA_Floor1,TypeB
1057,2025-04-07 05:35:53,29.41,64.78,BuildingA_Floor1,TypeC
1064,2025-04-05 16:40:55,28.72,65.8,BuildingA_Floor2,TypeA
1076,2025-04-05 05:49:56,29.37,78.72,BuildingB_Floor1,TypeB
1085,2025-04-08 18:38:52,34.07,45.26,BuildingA_Floor2,TypeB
1089,2025-04-06 22:00:52,19.65,48.41,BuildingA_Floor2,TypeB
1019,2025-04-08 19:29:35,25.34,79.66,BuildingB_Floor1,TypeB
1055,2025-04-08 14:15:41,21.05,57.55,BuildingA_Floor1,TypeB
1053,2025-04-07 18:16:21,28.38,61.07,BuildingB_Floor1,TypeC
1043,2025-04-07 01:44:25,21.22,41.89,BuildingA_Floor1,TypeB
1007,2025-04-07 11:38:05,25.99,47.71,BuildingB_Floor2,TypeA
1063,2025-04-07 10:23:36,33.68,42.38,BuildingB_Floor1,TypeA
1088,2025-04-06 09:28:33,31.03,69.68,BuildingB_Floor1,TypeC
1000,2025-04-06 16:39:08,18.32,75.59,BuildingB_Floor1,TypeA
1035,2025-04-08 10:23:17,15.54,60.26,BuildingA_Floor1,TypeA
1013,2025-04-05 12:41:36,30.1,78.27,BuildingB_Floor2,TypeB
1082,2025-04-06 22:34:13,17.03,39.27,BuildingB_Floor1,TypeA
1084,2025-04-05 14:07:42,29.03,38.96,BuildingB_Floor1,TypeB
1085,2025-04-05 18:56:19,16.4,37.64,BuildingA_Floor1,TypeB
1070,2025-04-06 09:18:41,27.69,48.05,BuildingA_Floor2,TypeB
1073,2025-04-05 19:07:26,17.59,53.47,BuildingB_Floor1,TypeB
1065,2025-04-07 04:46:14,28.8,62.13,BuildingA_Floor1,TypeA
1074,2025-04-04 00:51:29,29.68,54.81,BuildingA_Floor1,TypeA
1025,2025-04-08 14:27:13,22.47,45.41,BuildingA_Floor1,TypeC
1081,2025-04-08 01:38:07,21.22,66.24,BuildingA_Floor1,TypeB
1026,2025-04-04 02:01:24,16.76,66.88,BuildingB_Floor1,TypeB
1055,2025-04-05 09:29:55,34.1,44.21,BuildingB_Floor1,TypeB
1076,2025-04-08 04:09:46,24.25,35.25,BuildingB_Floor2,TypeC
1040,2025-04-06 15:25:45,18.25,33.16,BuildingB_Floor2,TypeC
1004,2025-04-04 20:26:44,31.25,37.1,BuildingA_Floor1,TypeB
1033,2025-04-07 16:02:20,26.85,45.85,BuildingA_Floor1,TypeC
1011,2025-04-07 00:49:34,19.13,63.14,BuildingA_Floor2,TypeC
1077,2025-04-06 19:35:13,33.11,66.8,BuildingA_Floor2,TypeA
1083,2025-04-06 14:21:34,18.28,64.42,BuildingA_Floor1,TypeB
1084,2025-04-04 05:32:03,15.91,30.97,BuildingB_Floor2,TypeB
1077,2025-04-05 12:02:55,25.07,78.46,BuildingB_Floor1,TypeA
1055,2025-04-08 16:09:31,17.98,70.11,BuildingA_Floor1,TypeC
1071,2025-04-07 16:34:23,29.81,65.02,BuildingB_Floor1,TypeA
1021,2025-04-08 01:13:58,27.56,49.75,BuildingA_Floor1,TypeB
1011,2025-04-08 06:24:15,22.49,46.92,BuildingA_Floor2,TypeC
1028,2025-04-08 09:39:45,32.92,30.55,BuildingB_Floor2,TypeC
1001,2025-04-05 22:02:58,20.46,55.1,BuildingB_Floor2,TypeC
1004,2025-04-08 00:41:00,21.08,56.46,BuildingB_Floor1,TypeA
1018,2025-04-07 07:35:09,21.99,69.85,BuildingB_Floor2,TypeC
1036,2025-04-07 06:24:05,33.22,43.4,BuildingB_Floor1,TypeC
1024,2025-04-06 00:03:39,29.03,49.88,BuildingA_Floor1,TypeC
1007,2025-04-04 01:14:30,25.5,51.99,BuildingB_Floor2,TypeB
1098,2025-04-06 08:18:59,32.94,41.07,BuildingA_Floor1,TypeA
1029,2025-04-05 08:16:17,29.06,71.54,BuildingB_Floor2,TypeC
1029,2025-04-04 06:19:53,33.95,45.63,BuildingB_Floor2,TypeC
1086,2025-04-04 09:17:59,17.25,61.23,BuildingB_Floor2,TypeC
1047,2025-04-08 19:20:57,21.07,64.55,BuildingA_Floor1,TypeA
1028,2025-04-06 20:42:31,15.32,44.76,BuildingA_Floor2,TypeA
1024,2025-04-07 07:13:44,23.06,75.35,BuildingA_Floor1,TypeB
1056,2025-04-08 13:20:30,30.43,38.87,BuildingB_Floor2,TypeB
1050,2025-04-04 15:17:07,28.88,46.56,BuildingB_Floor2,TypeB
1032,2025-04-06 22:58:53,27.85,74.49,BuildingA_Floor1,TypeC
1072,2025-04-07 02:14:30,32.72,51.53,BuildingB_Floor1,TypeB
1056,2025-04-08 20:26:41,16.87,55.75,BuildingA_Floor2,TypeC
1079,2025-04-04 13:34:53,18.85,46.81,BuildingA_Floor1,TypeB
1008,2025-04-08 13:13:03,29.56,35.36,BuildingA_Floor2,TypeC
1007,2025-04-06 17:51:30,28.51,54.71,BuildingB_Floor2,TypeB
1071,2025-04-08 16:37:25,30.29,76.77,BuildingB_Floor1,TypeA
1055,2025-04-06 11:13:30,33.46,46.77,BuildingA_Floor1,TypeC
1067,2025-04-05 11:41:45,21.56,36.12,BuildingB_Floor1,TypeB
1068,2025-04-04 01:59:14,25.66,42.26,BuildingB_Floor1,TypeB
1064,2025-04-04 04:57:31,18.53,37.93,BuildingB_Floor2,TypeA
1015,2025-04-07 00:06:23,33.57,69.13,BuildingA_Floor1,TypeC
1087,2025-04-04 13:41:06,27.68,42.78,BuildingB_Floor1,TypeC
1046,2025-04-08 11:37:02,26.69,70.67,BuildingA_Floor1,TypeA
1059,2025-04-04 00:38:17,18.89,70.85,BuildingB_Floor1,TypeB
1100,2025-04-07 16:28:59,18.14,41.49,BuildingB_Floor2,TypeA
1098,2025-04-04 07:10:12,33.49,56.57,BuildingB_Floor2,TypeA
1066,2025-04-08 18:40:46,27.24,32.42,BuildingB_Floor2,TypeA
1044,2025-04-06 03:39:14,30.23,61.33,BuildingA_Floor1,TypeB
1032,2025-04-07 05:20:58,21.86,40.22,BuildingA_Floor2,TypeB
1099,2025-04-06 18:28:10,22.16,51.24,BuildingB_Floor1,TypeB
1061,2025-04-06 12:00:17,25.08,60.51,BuildingB_Floor2,TypeC
1093,2025-04-07 23:24:51,33.14,37.07,BuildingB_Floor2,TypeA
1050,2025-04-05 16:43:05,20.29,75.46,BuildingB_Floor1,TypeB
1040,2025-04-05 12:18:58,31.89,75.89,BuildingB_Floor1,TypeC
1055,2025-04-07 13:28:19,18.85,60.13,BuildingA_Floor1,TypeC
1099,2025-04-08 04:47:49,23.27,47.21,BuildingA_Floor2,TypeB
1064,2025-04-07 22:34:05,23.34,69.6,BuildingA_Floor1,TypeA
1089,2025-04-07 23:56:28,31.48,47.5,BuildingA_Floor2,TypeA
1097,2025-04-06 20:15:00,21.41,45.95,BuildingA_Floor1,TypeB
1010,2025-04-08 01:02:05,34.32,72.35,BuildingA_Floor2,TypeC
1091,2025-04-06 09:48:00,29.76,73.05,BuildingA_Floor1,TypeA
1032,2025-04-08 00:13:13,30.3,67.62,BuildingB_Floor1,TypeC
1054,2025-04-06 09:28:03,19.58,36.04,BuildingB_Floor2,TypeB
1099,2025-04-06 15:44:32,21.57,47.86,BuildingA_Floor1,TypeB
1021,2025-04-05 18:03:15,31.12,79.21,BuildingA_Floor1,TypeB
1064,2025-04-06 13:11:40,27.95,35.53,BuildingB_Floor2,TypeB
1033,2025-04-06 20:18:21,28.14,45.67,BuildingB_Floor1,TypeB
1061,2025-04-07 19:18:35,30.24,67.91,BuildingA_Floor1,TypeC
1001,2025-04-04 20:57:45,15.02,38.91,BuildingA_Floor1,TypeB
1062,2025-04-04 22:06:08,21.04,48.31,BuildingB_Floor2,TypeC
1028,2025-04-04 06:13:24,32.57,41.42,BuildingA_Floor2,TypeC
1014,2025-04-08 20:32:48,34.29,38.54,BuildingB_Floor1,TypeC
1090,2025-04-06 02:46:04,34.05,61.74,BuildingA_Floor2,TypeC
1092,2025-04-06 18:45:27,30.55,47.68,BuildingB_Floor2,TypeA
1076,2025-04-08 10:25:42,34.02,49.23,BuildingA_Floor1,TypeB
1036,2025-04-05 12:16:09,18.06,68.21,BuildingA_Floor1,TypeB
1087,2025-04-06 15:57:54,15.82,72.22,BuildingB_Floor1,TypeA
1004,2025-04-08 20:24:23,16.62,39.12,BuildingB_Floor2,TypeA
1042,2025-04-05 22:13:10,24.21,62.26,BuildingA_Floor1,TypeC
1092,2025-04-08 08:18:31,28.48,46.91,BuildingB_Floor2,TypeA
1086,2025-04-08 17:11:51,18.88,58.92,BuildingB_Floor1,TypeB
1061,2025-04-08 22:01:04,20.74,67.17,BuildingB_Floor2,TypeA
1096,2025-04-04 04:12:04,19.44,56.12,BuildingB_Floor1,TypeB
1018,2025-04-07 20:15:25,24.3,32.03,BuildingA_Floor2,TypeB
1029,2025-04-04 08:13:54,17.48,30.41,BuildingA_Floor1,TypeC
1094,2025-04-07 00:51:37,30.54,42.63,BuildingB_Floor2,TypeB
1067,2025-04-05 07:18:07,25.73,58.03,BuildingB_Floor1,TypeA
1023,2025-04-07 03:31:17,33.24,44.57,BuildingB_Floor2,TypeC
1098,2025-04-04 06:54:20,26.29,77.27,BuildingB_Floor2,TypeB
1062,2025-04-08 14:39:27,23.99,37.29,BuildingA_Floor1,TypeB
1080,2025-04-07 08:10:01,30.95,47.87,BuildingB_Floor1,TypeC
1006,2025-04-05 17:10:00,34.01,59.22,BuildingA_Floor1,TypeB
1073,2025-04-08 01:53:49,24.66,44.28,BuildingB_Floor1,TypeA
1050,2025-04-04 06:44:06,24.33,67.6,BuildingA_Floor2,TypeC
1096,2025-04-08 09:43:24,25.21,71.88,BuildingB_Floor1,TypeA
1096,2025-04-06 23:22:29,27.03,36.45,BuildingA_Floor2,TypeA
1017,2025-04-06 20:14:27,34.46,45.44,BuildingB_Floor1,TypeB
1049,2025-04-08 21:32:33,31.77,39.92,BuildingA_Floor2,TypeB
1066,2025-04-07 10:17:22,21.35,73.32,BuildingA_Floor1,TypeC
1048,2025-04-05 00:55:24,28.48,54.47,BuildingB_Floor2,TypeA
1035,2025-04-08 10:40:59,27.86,37.61,BuildingB_Floor1,TypeA
1020,2025-04-06 11:10:50,28.47,66.18,BuildingA_Floor2,TypeB
1032,2025-04-08 00:23:55,18.49,41.92,BuildingA_Floor1,TypeC
1097,2025-04-07 13:28:00,16.83,42.37,BuildingA_Floor2,TypeC
1061,2025-04-07 22:16:43,16.98,79.86,BuildingB_Floor2,TypeC
1023,2025-04-06 21:58:28,18.23,77.0,BuildingA_Floor1,TypeA
1062,2025-04-06 14:42:06,24.94,56.05,BuildingA_Floor2,TypeA
1057,2025-04-07 04:27:56,26.91,76.78,BuildingB_Floor2,TypeC
1036,2025-04-08 09:39:51,22.3,67.74,BuildingB_Floor1,TypeB
1066,2025-04-07 20:02:08,23.47,39.51,BuildingA_Floor1,TypeB
1095,2025-04-05 21:56:48,27.3,66.21,BuildingB_Floor2,TypeC
1084,2025-04-07 08:19:49,21.08,34.57,BuildingA_Floor2,TypeA
1054,2025-04-06 04:07:28,33.95,50.35,BuildingB_Floor1,TypeC
1036,2025-04-04 09:19:42,28.25,35.73,BuildingB_Floor1,TypeB
1009,2025-04-04 04:30:52,16.5,36.32,BuildingB_Floor1,TypeA
1065,2025-04-06 08:24:33,23.47,77.75,BuildingB_Floor2,TypeB
1080,2025-04-05 09:58:05,18.99,53.21,BuildingB_Floor1,TypeA
1040,2025-04-07 10:32:36,24.02,68.02,BuildingA_Floor1,TypeB
1081,2025-04-05 13:36:43,33.91,63.42,BuildingB_Floor2,TypeA
1046,2025-04-06 13:34:04,17.8,40.95,BuildingA_Floor1,TypeB
1037,2025-04-07 12:47:38,23.05,35.25,BuildingA_Floor1,TypeB
1089,2025-04-08 07:52:21,25.85,73.65,BuildingA_Floor1,TypeC
1040,2025-04-06 00:34:26,17.31,56.94,BuildingB_Floor2,TypeC
1097,2025-04-07 10:40:49,27.92,58.4,BuildingB_Floor1,TypeA
1086,2025-04-04 03:00:33,18.74,49.98,BuildingB_Floor1,TypeA
1058,2025-04-06 23:14:17,30.63,41.08,BuildingA_Floor1,TypeC
1071,2025-04-05 11:39:49,18.68,60.7,BuildingB_Floor2,TypeB
1032,2025-04-06 20:53:03,20.25,70.39,BuildingA_Floor2,TypeB
1041,2025-04-05 11:53:03,21.94,49.11,BuildingA_Floor1,TypeC
1017,2025-04-08 20:43:55,32.38,35.13,BuildingA_Floor2,TypeA
1071,2025-04-04 13:31:29,23.09,70.3,BuildingA_Floor2,TypeC
1070,2025-04-06 06:03:44,32.68,71.37,BuildingA_Floor2,TypeA
1060,2025-04-04 09:52:18,33.77,72.77,BuildingA_Floor1,TypeC
1081,2025-04-08 18:30:01,24.59,30.07,BuildingB_Floor1,TypeC
1088,2025-04-05 13:14:59,34.55,58.27,BuildingA_Floor1,TypeB
1015,2025-04-05 21:33:00,27.36,52.15,BuildingB_Floor2,TypeC
1030,2025-04-06 11:07:50,31.81,51.9,BuildingB_Floor1,TypeA
1040,2025-04-06 16:13:17,24.86,78.84,BuildingB_Floor1,TypeA
1004,2025-04-07 23:26:10,22.81,45.8,BuildingB_Floor2,TypeC
1014,2025-04-04 02:19:07,21.64,48.23,BuildingB_Floor2,TypeC
1013,2025-04-08 13:40:18,18.95,35.4,BuildingB_Floor1,TypeB
1085,2025-04-05 21:32:07,19.13,70.35,BuildingB_Floor2,TypeB
1046,2025-04-06 21:17:42,15.76,56.79,BuildingB_Floor2,TypeB
1021,2025-04-07 05:15:57,18.35,38.78,BuildingB_Floor1,TypeB
1010,2025-04-08 08:31:14,18.75,40.57,BuildingA_Floor2,TypeA
1071,2025-04-07 05:24:42,26.86,43.28,BuildingA_Floor2,TypeB
1037,2025-04-07 21:46:21,23.93,71.74,BuildingB_Floor1,TypeC
1068,2025-04-05 05:23:21,17.13,68.42,BuildingB_Floor2,TypeA
1022,2025-04-05 23:15:06,23.26,77.31,BuildingB_Floor1,TypeA
1018,2025-04-04 06:23:05,28.67,32.92,BuildingA_Floor1,TypeC
1010,2025-04-08 03:34:07,34.47,53.5,BuildingA_Floor2,TypeB
1076,2025-04-04 01:10:36,24.81,76.32,BuildingA_Floor2,TypeB
1011,2025-04-08 17:24:47,23.83,37.83,BuildingB_Floor1,TypeA
1011,2025-04-07 15:57:52,24.34,64.06,BuildingB_Floor2,TypeC
1031,2025-04-08 15:40:54,33.23,73.79,BuildingB_Floor2,TypeA
1065,2025-04-04 11:13:27,27.46,50.33,BuildingB_Floor2,TypeC
1064,2025-04-07 10:56:44,17.33,75.14,BuildingB_Floor1,TypeC
1023,2025-04-08 00:07:43,21.14,42.95,BuildingB_Floor1,TypeC
1076,2025-04-06 07:25:52,26.4,69.42,BuildingA_Floor1,TypeC
1065,2025-04-08 01:12:06,21.69,36.95,BuildingA_Floor2,TypeC
1079,2025-04-05 01:59:33,26.6,48.39,BuildingB_Floor2,TypeC
1086,2025-04-07 09:20:51,23.1,58.24,BuildingB_Floor1,TypeC
1011,2025-04-08 17:32:10,32.77,71.29,BuildingA_Floor1,TypeC
1083,2025-04-05 09:04:35,24.66,71.49,BuildingA_Floor2,TypeB
1059,2025-04-05 04:49:51,22.59,59.7,BuildingB_Floor2,TypeC
1017,2025-04-04 09:02:28,20.06,46.6,BuildingB_Floor2,TypeA
1015,2025-04-07 02:43:01,17.25,60.17,BuildingB_Floor2,TypeB
1093,2025-04-08 22:08:16,16.41,36.0,BuildingA_Floor2,TypeA
1065,2025-04-08 07:27:29,30.14,75.89,BuildingB_Floor2,TypeC
1082,2025-04-08 19:04:47,32.69,30.65,BuildingB_Floor1,TypeC
1048,2025-04-06 10:27:06,20.7,40.35,BuildingA_Floor2,TypeB
1011,2025-04-04 07:51:30,19.41,62.92,BuildingA_Floor1,TypeB
1033,2025-04-05 05:20:02,26.93,52.92,BuildingA_Floor1,TypeA
1033,2025-04-06 18:19:27,34.56,36.38,BuildingA_Floor1,TypeA
1092,2025-04-06 12:37:09,33.44,53.43,BuildingA_Floor1,TypeB
1093,2025-04-08 07:28:09,19.02,79.26,BuildingB_Floor1,TypeC
1025,2025-04-06 21:44:13,24.53,73.13,BuildingA_Floor2,TypeC
1016,2025-04-07 23:20:57,33.92,53.12,BuildingA_Floor1,TypeC
1071,2025-04-05 02:55:00,22.72,34.0,BuildingA_Floor2,TypeB
1093,2025-04-05 14:42:05,24.75,71.99,BuildingA_Floor2,TypeB
1046,2025-04-05 05:38:59,27.08,66.9,BuildingA_Floor2,TypeC
1064,2025-04-07 03:16:08,27.06,74.19,BuildingB_Floor1,TypeA
1043,2025-04-05 08:12:32,17.25,65.73,BuildingB_Floor1,TypeC
1028,2025-04-04 02:39:17,22.61,34.15,BuildingA_Floor1,TypeA
1025,2025-04-06 09:03:55,20.98,68.46,BuildingA_Floor1,TypeA
1006,2025-04-07 10:53:29,15.12,62.04,BuildingA_Floor1,TypeB
1089,2025-04-04 02:49:53,32.79,54.27,BuildingB_Floor1,TypeC
1095,2025-04-06 09:46:49,27.33,39.2,BuildingB_Floor1,TypeA
1008,2025-04-07 02:32:52,29.43,77.37,BuildingB_Floor1,TypeC
1044,2025-04-07 18:26:53,33.97,74.79,BuildingB_Floor2,TypeC
1056,2025-04-08 20:24:37,16.47,51.39,BuildingB_Floor1,TypeC
1080,2025-04-07 12:55:34,20.31,63.36,BuildingB_Floor2,TypeB
1034,2025-04-06 07:34:58,32.36,77.46,BuildingA_Floor1,TypeA
1096,2025-04-04 14:31:05,32.22,57.36,BuildingB_Floor2,TypeB
1084,2025-04-04 10:17:15,26.22,46.83,BuildingB_Floor1,TypeC
1093,2025-04-05 09:19:50,31.67,58.13,BuildingA_Floor1,TypeC
1009,2025-04-08 04:01:57,21.93,44.87,BuildingA_Floor2,TypeC
1067,2025-04-05 23:30:35,34.32,45.32,BuildingB_Floor1,TypeB
1091,2025-04-07 13:26:57,27.58,34.55,BuildingA_Floor1,TypeA
1015,2025-04-05 08:12:56,16.87,56.34,BuildingA_Floor1,TypeA
1009,2025-04-05 03:47:07,29.6,44.61,BuildingB_Floor2,TypeB
1023,2025-04-06 23:24:00,29.79,59.57,BuildingA_Floor2,TypeC
1063,2025-04-06 08:20:56,16.2,44.16,BuildingB_Floor1,TypeB
1030,2025-04-08 05:15:22,15.58,65.56,BuildingA_Floor1,TypeA
1029,2025-04-05 20:44:22,26.37,49.27,BuildingB_Floor1,TypeA
1021,2025-04-06 06:38:45,32.0,44.33,BuildingA_Floor2,TypeB
1065,2025-04-06 20:36:03,27.85,57.19,BuildingB_Floor1,TypeC
1067,2025-04-07 13:02:27,32.08,36.33,BuildingA_Floor1,TypeA
1049,2025-04-05 06:24:39,28.77,74.08,BuildingB_Floor1,TypeC
1097,2025-04-08 04:51:30,21.5,61.12,BuildingB_Floor2,TypeC
1050,2025-04-05 07:16:33,32.98,75.5,BuildingA_Floor1,TypeA
1075,2025-04-08 08:36:56,22.68,53.35,BuildingA_Floor2,TypeC
1086,2025-04-08 18:25:25,21.77,60.84,BuildingA_Floor1,TypeB
1099,2025-04-07 22:22:42,33.71,46.11,BuildingB_Floor1,TypeC
1024,2025-04-06 16:07:52,29.02,38.05,BuildingB_Floor1,TypeB
1084,2025-04-06 05:51:56,32.41,61.42,BuildingA_Floor1,TypeC
1059,2025-04-07 01:23:06,32.16,44.53,BuildingB_Floor1,TypeC
1031,2025-04-07 03:04:45,31.19,70.89,BuildingB_Floor2,TypeB
1033,2025-04-05 23:39:20,34.53,60.21,BuildingB_Floor1,TypeA
1022,2025-04-08 19:15:05,21.04,36.44,BuildingA_Floor1,TypeB
1013,2025-04-07 05:40:48,25.91,60.38,BuildingB_Floor2,TypeA
1023,2025-04-07 15:56:06,16.75,50.44,BuildingA_Floor1,TypeA
1043,2025-04-06 17:38:00,16.85,36.53,BuildingB_Floor1,TypeB
1058,2025-04-07 23:16:10,20.57,55.79,BuildingA_Floor1,TypeA
1051,2025-04-08 20:29:50,23.0,32.9,BuildingA_Floor1,TypeB
1082,2025-04-08 22:45:56,22.25,49.06,BuildingB_Floor1,TypeA
1077,2025-04-05 16:02:03,20.19,58.14,BuildingB_Floor2,TypeC
1006,2025-04-07 21:53:47,29.56,52.15,BuildingB_Floor1,TypeA
1058,2025-04-07 23:18:58,15.52,30.6,BuildingB_Floor2,TypeB
1066,2025-04-05 13:47:40,22.26,65.04,BuildingB_Floor2,TypeC
1073,2025-04-08 17:12:59,33.18,60.66,BuildingB_Floor2,TypeC
1061,2025-04-04 14:28:02,34.81,77.44,BuildingA_Floor2,TypeB
1099,2025-04-07 07:22:57,21.61,37.58,BuildingA_Floor2,TypeA
1005,2025-04-08 17:33:09,28.71,43.86,BuildingA_Floor2,TypeB
1058,2025-04-07 21:22:49,32.66,32.77,BuildingB_Floor1,TypeB
1043,2025-04-06 03:51:11,28.39,79.78,BuildingB_Floor1,TypeB
1043,2025-04-07 11:20:14,30.68,47.89,BuildingB_Floor2,TypeB
1026,2025-04-06 17:12:00,23.82,46.12,BuildingA_Floor1,TypeB
1013,2025-04-07 18:15:45,17.6,50.55,BuildingB_Floor2,TypeA
1025,2025-04-05 03:30:34,34.1,50.92,BuildingB_Floor2,TypeB
1000,2025-04-05 17:24:40,33.83,56.37,BuildingA_Floor2,TypeB
1062,2025-04-05 23:15:59,30.43,49.8,BuildingB_Floor1,TypeA
1015,2025-04-06 22:38:59,32.13,55.93,BuildingB_Floor1,TypeB
1002,2025-04-05 19:17:05,25.16,72.38,BuildingA_Floor2,TypeC
1081,2025-04-04 16:48:02,34.93,42.57,BuildingB_Floor2,TypeB
1056,2025-04-04 18:51:29,19.37,60.62,BuildingA_Floor1,TypeC
1064,2025-04-05 08:56:12,22.39,78.24,BuildingB_Floor1,TypeC
1002,2025-04-04 22:24:35,28.81,57.6,BuildingB_Floor1,TypeC
1065,2025-04-04 21:04:40,17.57,54.95,BuildingA_Floor1,TypeA
1024,2025-04-07 11:10:43,24.2,67.55,BuildingA_Floor2,TypeA
1078,2025-04-08 02:17:55,31.6,33.36,BuildingB_Floor1,TypeB
1091,2025-04-05 10:27:45,23.24,77.77,BuildingA_Floor2,TypeA
1071,2025-04-05 04:42:31,29.47,68.8,BuildingB_Floor2,TypeB
1052,2025-04-07 05:32:12,25.18,40.13,BuildingA_Floor1,TypeA
1025,2025-04-05 19:16:06,20.68,59.26,BuildingB_Floor1,TypeC
1091,2025-04-06 06:54:59,24.99,63.64,BuildingB_Floor2,TypeB
1000,2025-04-07 09:11:54,16.92,60.79,BuildingB_Floor2,TypeC
1000,2025-04-08 11:49:00,33.68,52.49,BuildingA_Floor1,TypeB
1058,2025-04-08 01:48:18,20.93,39.06,BuildingB_Floor1,TypeC
1067,2025-04-07 04:17:43,20.36,62.9,BuildingA_Floor1,TypeC
1025,2025-04-07 20:22:21,25.3,35.33,BuildingA_Floor1,TypeA
1099,2025-04-06 04:25:24,31.79,56.44,BuildingA_Floor1,TypeC
1000,2025-04-05 06:03:14,29.15,53.19,BuildingB_Floor1,TypeB
1059,2025-04-07 07:00:46,23.78,66.47,BuildingA_Floor2,TypeC
1057,2025-04-08 03:09:56,33.78,61.57,BuildingB_Floor1,TypeC
1096,2025-04-06 08:08:37,34.23,53.45,BuildingB_Floor1,TypeA
1016,2025-04-05 03:08:33,19.59,40.9,BuildingB_Floor1,TypeA
1034,2025-04-08 19:00:24,22.77,70.76,BuildingB_Floor2,TypeB
1007,2025-04-04 22:31:28,28.9,38.0,BuildingB_Floor2,TypeB
1087,2025-04-06 04:20:48,18.76,55.69,BuildingA_Floor2,TypeA
1022,2025-04-08 07:45:31,27.17,62.24,BuildingB_Floor2,TypeB
1037,2025-04-05 19:32:11,24.74,64.06,BuildingB_Floor2,TypeA
1080,2025-04-04 01:26:38,32.83,41.29,BuildingB_Floor2,TypeC
1071,2025-04-06 15:52:21,27.98,41.24,BuildingB_Floor1,TypeC
1040,2025-04-04 22:39:02,27.9,53.0,BuildingB_Floor1,TypeB
1036,2025-04-05 20:06:24,23.88,43.27,BuildingB_Floor2,TypeC
1069,2025-04-06 00:33:50,31.61,72.64,BuildingA_Floor2,TypeB
1087,2025-04-05 23:29:01,17.31,31.89,BuildingB_Floor1,TypeA
1073,2025-04-05 02:07:42,22.46,79.71,BuildingA_Floor1,TypeB
1020,2025-04-08 17:44:20,32.08,61.48,BuildingB_Floor1,TypeC
1044,2025-04-07 01:43:36,18.46,43.01,BuildingB_Floor2,TypeA
1090,2025-04-08 00:50:04,23.79,59.92,BuildingB_Floor1,TypeB
1017,2025-04-08 06:30:58,15.31,51.08,BuildingB_Floor2,TypeC
1060,2025-04-07 03:31:15,31.73,59.19,BuildingB_Floor1,TypeC
1078,2025-04-04 18:08:27,17.36,71.41,BuildingB_Floor1,TypeA
1081,2025-04-05 15:31:55,28.26,60.39,BuildingA_Floor2,TypeA
1066,2025-04-04 05:50:45,23.32,49.86,BuildingB_Floor1,TypeB
1013,2025-04-08 07:06:30,34.78,72.46,BuildingB_Floor2,TypeA
1003,2025-04-08 20:14:07,26.94,66.77,BuildingA_Floor1,TypeB
1073,2025-04-07 19:32:27,32.31,33.18,BuildingB_Floor1,TypeB
1011,2025-04-06 15:53:55,30.94,74.79,BuildingA_Floor2,TypeC
1009,2025-04-04 18:58:20,27.09,51.93,BuildingB_Floor2,TypeB
1094,2025-04-08 21:18:41,32.42,33.06,BuildingB_Floor1,TypeC
1086,2025-04-06 16:12:19,20.9,77.63,BuildingB_Floor1,TypeA
1098,2025-04-08 18:37:14,34.29,66.27,BuildingB_Floor1,TypeA
1000,2025-04-06 05:38:17,30.21,69.23,BuildingA_Floor1,TypeC
1061,2025-04-04 12:39:46,33.74,71.43,BuildingA_Floor1,TypeB
1035,2025-04-06 05:15:57,24.15,55.33,BuildingB_Floor2,TypeA
1082,2025-04-04 14:20:04,33.81,35.06,BuildingB_Floor2,TypeB
1054,2025-04-07 13:57:13,23.83,49.07,BuildingB_Floor2,TypeA
1048,2025-04-08 11:35:08,29.28,43.55,BuildingA_Floor1,TypeA
1000,2025-04-04 18:12:15,27.76,61.42,BuildingB_Floor1,TypeC
1008,2025-04-04 23:20:52,15.76,55.69,BuildingB_Floor1,TypeA
1054,2025-04-04 06:08:20,24.05,66.83,BuildingA_Floor1,TypeA
1006,2025-04-06 19:10:25,22.57,78.21,BuildingA_Floor2,TypeA
1058,2025-04-06 10:01:07,20.74,59.81,BuildingA_Floor1,TypeB
1060,2025-04-08 01:13:16,22.27,31.67,BuildingA_Floor2,TypeC
1051,2025-04-04 22:25:22,31.24,62.4,BuildingA_Floor2,TypeB
1058,2025-04-08 18:30:42,15.77,76.96,BuildingB_Floor1,TypeC
1011,2025-04-05 19:06:09,15.24,51.96,BuildingB_Floor2,TypeA
1096,2025-04-04 12:08:49,17.79,69.65,BuildingB_Floor2,TypeB
1008,2025-04-05 16:00:19,21.61,72.01,BuildingB_Floor1,TypeA
1071,2025-04-05 02:35:21,31.94,62.21,BuildingB_Floor2,TypeB
1070,2025-04-06 07:04:10,17.37,53.49,BuildingB_Floor2,TypeC
1035,2025-04-07 06:37:16,16.75,63.88,BuildingA_Floor2,TypeB
1048,2025-04-05 07:05:50,27.07,45.22,BuildingA_Floor2,TypeC
1010,2025-04-07 03:51:32,23.42,73.63,BuildingB_Floor2,TypeB
1014,2025-04-05 05:33:45,27.05,53.99,BuildingB_Floor2,TypeA
1026,2025-04-07 10:58:15,21.88,66.9,BuildingB_Floor2,TypeC
1059,2025-04-07 23:07:23,26.68,30.45,BuildingB_Floor2,TypeB
1017,2025-04-08 07:48:24,17.56,39.94,BuildingA_Floor1,TypeA
1036,2025-04-04 12:38:46,26.14,37.67,BuildingB_Floor1,TypeC
1021,2025-04-04 07:17:22,16.74,53.59,BuildingB_Floor1,TypeB
1100,2025-04-06 19:47:07,32.95,30.5,BuildingA_Floor2,TypeA
1036,2025-04-07 07:17:13,15.22,44.96,BuildingA_Floor2,TypeA
1059,2025-04-08 00:56:17,22.4,62.53,BuildingA_Floor1,TypeB
1021,2025-04-07 09:45:18,25.07,67.55,BuildingA_Floor1,TypeB
1041,2025-04-04 09:12:56,31.89,34.89,BuildingB_Floor1,TypeC
1007,2025-04-04 18:30:12,18.58,31.02,BuildingA_Floor1,TypeA
1041,2025-04-08 08:01:12,32.17,50.79,BuildingB_Floor2,TypeA
1051,2025-04-05 12:24:51,26.38,77.1,BuildingB_Floor2,TypeB
1100,2025-04-05 19:52:21,19.8,57.49,BuildingA_Floor1,TypeA
1022,2025-04-08 17:26:02,22.6,58.37,BuildingA_Floor2,TypeA
1008,2025-04-06 04:49:46,18.76,53.9,BuildingA_Floor2,TypeC
1033,2025-04-07 09:58:29,31.55,70.13,BuildingA_Floor1,TypeA
1014,2025-04-06 09:43:46,18.93,41.45,BuildingB_Floor2,TypeB
1057,2025-04-04 13:30:35,33.95,45.95,BuildingA_Floor2,TypeB
1006,2025-04-04 21:48:26,26.64,44.65,BuildingA_Floor1,TypeC
1009,2025-04-05 00:41:14,25.43,47.14,BuildingA_Floor1,TypeA
1008,2025-04-04 08:22:18,27.76,72.89,BuildingA_Floor1,TypeA
1099,2025-04-04 23:31:42,27.44,69.16,BuildingB_Floor2,TypeB
1034,2025-04-04 11:57:46,21.59,53.73,BuildingB_Floor1,TypeB
1046,2025-04-05 09:21:45,26.38,49.36,BuildingA_Floor1,TypeC
1065,2025-04-07 13:38:41,22.61,45.99,BuildingA_Floor2,TypeC
1085,2025-04-06 06:28:36,21.5,47.58,BuildingB_Floor1,TypeC
1084,2025-04-06 15:00:17,29.55,59.31,BuildingB_Floor2,TypeB
1072,2025-04-07 05:58:31,25.69,58.07,BuildingA_Floor2,TypeA
1074,2025-04-06 10:42:26,32.01,46.38,BuildingA_Floor1,TypeA
1084,2025-04-07 13:50:16,16.32,69.81,BuildingA_Floor2,TypeA
1039,2025-04-06 07:42:06,16.52,75.46,BuildingB_Floor1,TypeC
1050,2025-04-05 20:03:28,24.81,31.32,BuildingA_Floor2,TypeC
1017,2025-04-05 17:53:26,20.34,78.58,BuildingB_Floor1,TypeA
1060,2025-04-07 04:24:37,33.08,53.37,BuildingA_Floor2,TypeC
1027,2025-04-05 06:17:10,29.59,39.15,BuildingA_Floor1,TypeB
1080,2025-04-05 12:33:51,34.97,50.56,BuildingA_Floor2,TypeA
1058,2025-04-08 18:58:26,17.16,54.62,BuildingB_Floor2,TypeB
1043,2025-04-07 00:00:35,27.53,41.31,BuildingA_Floor2,TypeC
1024,2025-04-05 14:40:52,21.24,76.73,BuildingB_Floor1,TypeA
1020,2025-04-05 17:08:04,24.61,45.3,BuildingB_Floor1,TypeC
1027,2025-04-07 13:15:22,15.01,68.15,BuildingB_Floor2,TypeC
1036,2025-04-08 04:31:08,17.25,32.93,BuildingB_Floor2,TypeC
1071,2025-04-05 19:52:36,29.53,59.44,BuildingA_Floor2,TypeC
1057,2025-04-05 01:51:24,33.44,65.69,BuildingB_Floor1,TypeC
1071,2025-04-08 07:34:44,25.49,61.52,BuildingB_Floor1,TypeB
1025,2025-04-04 21:05:56,24.0,36.6,BuildingB_Floor2,TypeB
1008,2025-04-08 22:36:49,21.19,44.47,BuildingB_Floor2,TypeA
1017,2025-04-06 17:11:35,20.3,67.93,BuildingA_Floor2,TypeB
1036,2025-04-07 20:36:11,27.4,73.71,BuildingA_Floor1,TypeB
1074,2025-04-05 11:50:12,22.12,45.63,BuildingB_Floor2,TypeC
1057,2025-04-05 01:05:04,20.96,31.91,BuildingB_Floor1,TypeB
1026,2025-04-06 18:27:01,18.34,69.4,BuildingB_Floor2,TypeA
1089,2025-04-08 05:52:37,31.46,41.19,BuildingA_Floor2,TypeC
1063,2025-04-08 16:46:46,24.78,71.06,BuildingB_Floor2,TypeA
1092,2025-04-07 17:47:37,30.88,70.25,BuildingB_Floor2,TypeC
1097,2025-04-05 12:57:04,29.8,64.82,BuildingB_Floor2,TypeB
1040,2025-04-07 19:09:55,32.11,46.36,BuildingB_Floor1,TypeB
1054,2025-04-05 20:45:29,17.83,44.39,BuildingA_Floor2,TypeC
1014,2025-04-04 01:14:56,24.84,63.72,BuildingB_Floor2,TypeA
1054,2025-04-08 20:23:52,18.56,49.39,BuildingB_Floor1,TypeC
1028,2025-04-06 16:00:13,18.62,70.34,BuildingA_Floor2,TypeC
1001,2025-04-07 23:22:41,19.68,33.87,BuildingA_Floor1,TypeC
1032,2025-04-06 21:30:50,32.57,49.88,BuildingB_Floor1,TypeC
1033,2025-04-07 09:29:00,16.88,50.34,BuildingB_Floor1,TypeA
1049,2025-04-04 00:27:05,22.39,77.93,BuildingB_Floor1,TypeA
1091,2025-04-07 07:00:05,27.25,50.44,BuildingA_Floor1,TypeB
1072,2025-04-07 17:37:41,28.82,52.19,BuildingA_Floor1,TypeC
1016,2025-04-04 18:58:31,29.35,56.57,BuildingB_Floor2,TypeB
1076,2025-04-06 10:47:34,19.25,73.68,BuildingA_Floor2,TypeC
1054,2025-04-08 04:33:32,28.28,30.64,BuildingB_Floor1,TypeB
1064,2025-04-05 10:19:02,16.89,36.8,BuildingA_Floor1,TypeA
1088,2025-04-08 20:22:47,23.48,44.63,BuildingA_Floor2,TypeB
1070,2025-04-06 21:36:12,23.07,49.42,BuildingB_Floor2,TypeB
1079,2025-04-07 20:10:26,19.35,33.38,BuildingA_Floor1,TypeC
1009,2025-04-06 21:05:03,27.82,76.38,BuildingB_Floor1,TypeB
1077,2025-04-04 23:00:29,27.52,42.01,BuildingB_Floor1,TypeA
1089,2025-04-06 14:15:47,19.3,40.04,BuildingB_Floor2,TypeB
1016,2025-04-06 05:42:18,30.46,54.01,BuildingB_Floor1,TypeC
1062,2025-04-05 20:12:02,21.05,71.91,BuildingA_Floor2,TypeB
1100,2025-04-05 21:59:49,23.63,53.62,BuildingB_Floor1,TypeA
1095,2025-04-05 12:55:00,21.03,38.36,BuildingB_Floor1,TypeB
1088,2025-04-08 08:11:59,32.05,42.28,BuildingA_Floor1,TypeC
1059,2025-04-04 21:39:29,21.76,60.93,BuildingA_Floor2,TypeA
1039,2025-04-04 19:54:32,17.69,49.97,BuildingB_Floor1,TypeB
1070,2025-04-04 06:42:28,34.85,34.26,BuildingA_Floor1,TypeC
1006,2025-04-08 13:04:20,24.12,50.86,BuildingB_Floor1,TypeC
1067,2025-04-08 13:32:16,18.52,32.23,BuildingB_Floor2,TypeB
1095,2025-04-08 00:53:18,19.98,62.68,BuildingA_Floor1,TypeC
1080,2025-04-08 03:28:59,23.84,38.29,BuildingA_Floor1,TypeA
1064,2025-04-07 00:03:50,27.02,36.53,BuildingA_Floor1,TypeB
1084,2025-04-06 15:47:14,32.96,60.28,BuildingA_Floor2,TypeC
1043,2025-04-08 00:20:05,22.56,58.53,BuildingB_Floor1,TypeA
1014,2025-04-06 07:51:22,32.5,33.64,BuildingA_Floor1,TypeA
1080,2025-04-03 23:50:53,20.66,31.29,BuildingA_Floor1,TypeB
1037,2025-04-05 19:51:55,19.58,39.72,BuildingB_Floor1,TypeA
1002,2025-04-07 00:51:06,20.13,75.7,BuildingB_Floor2,TypeB
1064,2025-04-07 07:25:03,31.01,60.81,BuildingA_Floor1,TypeC
1084,2025-04-04 10:12:13,24.2,36.98,BuildingB_Floor1,TypeA
1067,2025-04-06 22:51:16,27.85,51.04,BuildingA_Floor1,TypeA
1079,2025-04-04 19:42:11,31.39,74.49,BuildingB_Floor1,TypeC
1052,2025-04-05 05:29:31,22.23,30.04,BuildingB_Floor2,TypeC
1018,2025-04-05 06:40:28,15.62,70.0,BuildingA_Floor2,TypeB
1046,2025-04-08 05:10:03,22.18,30.41,BuildingB_Floor2,TypeC
1075,2025-04-07 00:15:41,17.76,39.3,BuildingA_Floor1,TypeA
1055,2025-04-06 10:34:11,31.06,46.89,BuildingA_Floor2,TypeC
1061,2025-04-04 13:12:33,17.07,63.6,BuildingB_Floor1,TypeA
1061,2025-04-05 19:05:51,15.96,58.07,BuildingA_Floor2,TypeC
1074,2025-04-08 02:32:28,16.45,44.49,BuildingB_Floor2,TypeB
1086,2025-04-07 02:10:56,33.57,32.65,BuildingA_Floor1,TypeA
1019,2025-04-06 18:40:27,26.21,59.64,BuildingB_Floor2,TypeB
1000,2025-04-07 08:45:38,33.65,68.62,BuildingB_Floor2,TypeB
1100,2025-04-08 23:04:02,22.21,74.91,BuildingA_Floor1,TypeC
1050,2025-04-06 12:46:09,32.57,74.99,BuildingA_Floor2,TypeB
1029,2025-04-07 10:14:59,29.67,31.64,BuildingA_Floor1,TypeA
1063,2025-04-07 09:55:21,25.62,41.25,BuildingA_Floor1,TypeC
1054,2025-04-04 03:23:41,29.31,64.48,BuildingB_Floor2,TypeB
1062,2025-04-08 22:20:13,27.13,70.72,BuildingB_Floor1,TypeC
1040,2025-04-06 03:53:05,30.05,49.79,BuildingB_Floor2,TypeA
1026,2025-04-07 09:23:11,23.61,59.91,BuildingB_Floor2,TypeA
1041,2025-04-04 20:41:51,21.26,64.12,BuildingA_Floor1,TypeC
1022,2025-04-07 08:01:59,28.47,44.31,BuildingA_Floor2,TypeA
1088,2025-04-05 15:17:39,19.24,72.33,BuildingA_Floor1,TypeA
1003,2025-04-07 20:19:36,29.03,33.75,BuildingB_Floor1,TypeA
1090,2025-04-07 09:55:08,28.12,57.31,BuildingA_Floor2,TypeB
1040,2025-04-05 22:35:38,32.94,62.46,BuildingA_Floor2,TypeB
1086,2025-04-07 03:30:26,17.52,42.71,BuildingA_Floor2,TypeB
1095,2025-04-04 15:21:29,20.15,54.42,BuildingA_Floor1,TypeB
1087,2025-04-07 06:22:49,23.27,32.62,BuildingA_Floor2,TypeB
1099,2025-04-04 06:46:02,19.4,36.07,BuildingB_Floor2,TypeA
1017,2025-04-08 09:51:09,18.1,71.37,BuildingB_Floor1,TypeA
1032,2025-04-05 06:08:52,31.04,34.29,BuildingA_Floor1,TypeA
1007,2025-04-07 14:44:23,22.24,57.92,BuildingA_Floor2,TypeA
1001,2025-04-08 05:51:12,21.65,38.97,BuildingB_Floor1,TypeA
1100,2025-04-06 17:18:15,33.92,56.19,BuildingA_Floor2,TypeB
1044,2025-04-05 23:32:58,15.47,39.24,BuildingA_Floor1,TypeC
1018,2025-04-06 00:16:13,21.23,64.5,BuildingB_Floor1,TypeA
1011,2025-04-05 06:01:16,33.36,56.33,BuildingB_Floor2,TypeB
1042,2025-04-06 00:02:47,31.32,70.73,BuildingB_Floor2,TypeA
1036,2025-04-05 05:10:24,30.05,63.69,BuildingB_Floor1,TypeB
1086,2025-04-06 19:03:41,28.51,63.56,BuildingA_Floor2,TypeA
1034,2025-04-08 02:00:56,24.77,39.23,BuildingB_Floor1,TypeC
1054,2025-04-06 04:57:00,25.53,65.83,BuildingB_Floor2,TypeA
1100,2025-04-06 14:16:00,30.87,76.42,BuildingA_Floor2,TypeB
1096,2025-04-06 06:01:29,18.62,69.33,BuildingB_Floor1,TypeC
1092,2025-04-06 14:24:41,20.88,75.39,BuildingA_Floor1,TypeB
1022,2025-04-07 11:56:35,16.11,70.1,BuildingA_Floor2,TypeA
1056,2025-04-04 04:23:47,20.26,41.83,BuildingB_Floor2,TypeC
1041,2025-04-05 14:43:29,31.36,57.76,BuildingB_Floor1,TypeC
1086,2025-04-05 23:40:43,15.74,35.92,BuildingB_Floor1,TypeC
1052,2025-04-06 15:15:27,23.9,44.2,BuildingB_Floor1,TypeB
1057,2025-04-05 06:09:11,16.81,47.74,BuildingB_Floor1,TypeB
1035,2025-04-08 09:43:11,30.67,66.07,BuildingA_Floor1,TypeC
1062,2025-04-08 12:04:20,26.39,79.56,BuildingA_Floor2,TypeB
1046,2025-04-07 14:31:48,31.35,61.93,BuildingA_Floor2,TypeB
1063,2025-04-08 10:38:10,24.11,30.37,BuildingA_Floor2,TypeB
1079,2025-04-08 18:00:23,18.45,78.74,BuildingB_Floor1,TypeA
1030,2025-04-05 07:21:54,23.52,67.32,BuildingB_Floor1,TypeB
1064,2025-04-07 16:25:29,34.97,73.91,BuildingA_Floor1,TypeA
1094,2025-04-07 04:37:45,18.77,47.24,BuildingA_Floor2,TypeC
1013,2025-04-08 15:06:44,33.77,56.89,BuildingA_Floor1,TypeC
1091,2025-04-04 17:56:21,17.3,34.0,BuildingA_Floor1,TypeA
1048,2025-04-05 18:51:06,17.58,46.67,BuildingA_Floor1,TypeB
1094,2025-04-07 16:41:17,26.49,63.49,BuildingB_Floor1,TypeC
1040,2025-04-08 09:19:35,18.34,34.94,BuildingA_Floor1,TypeC
1008,2025-04-04 10:27:15,31.77,37.76,BuildingB_Floor1,TypeA
1076,2025-04-05 06:29:32,17.28,78.41,BuildingB_Floor1,TypeA
1010,2025-04-05 01:38:17,19.08,49.75,BuildingA_Floor1,TypeC
1044,2025-04-08 20:42:32,26.08,43.03,BuildingA_Floor1,TypeC
1045,2025-04-05 03:31:38,27.64,37.03,BuildingA_Floor2,TypeA
1076,2025-04-07 00:28:22,15.39,67.76,BuildingB_Floor2,TypeC
1053,2025-04-05 03:59:16,25.46,37.21,BuildingB_Floor1,TypeA
1023,2025-04-06 13:45:25,25.05,52.55,BuildingA_Floor1,TypeA
1049,2025-04-07 09:53:33,32.36,36.14,BuildingB_Floor1,TypeB
1050,2025-04-08 05:15:48,15.65,51.04,BuildingA_Floor1,TypeA
1075,2025-04-04 18:50:17,19.26,32.35,BuildingA_Floor2,TypeA
1007,2025-04-07 02:33:12,21.99,34.34,BuildingA_Floor1,TypeB
1084,2025-04-06 23:59:52,24.79,37.44,BuildingB_Floor1,TypeB
1082,2025-04-04 23:27:49,33.02,32.36,BuildingA_Floor1,TypeB
1086,2025-04-04 23:09:34,33.47,61.45,BuildingB_Floor1,TypeC
1050,2025-04-08 04:11:19,25.36,79.14,BuildingB_Floor1,TypeC
1013,2025-04-05 13:21:14,19.8,40.26,BuildingA_Floor1,TypeB
1000,2025-04-07 05:45:03,31.52,62.5,BuildingB_Floor1,TypeB
1016,2025-04-06 05:21:56,32.39,68.51,BuildingB_Floor2,TypeA
1080,2025-04-06 23:20:57,32.78,47.04,BuildingA_Floor2,TypeB
1100,2025-04-07 22:35:11,34.53,63.79,BuildingB_Floor2,TypeA
1087,2025-04-05 05:08:59,28.68,46.93,BuildingA_Floor1,TypeA
1027,2025-04-06 06:07:01,18.44,32.93,BuildingB_Floor1,TypeA
1081,2025-04-08 00:05:04,31.06,73.05,BuildingB_Floor2,TypeA
1038,2025-04-06 20:46:24,15.98,69.2,BuildingB_Floor2,TypeA
1055,2025-04-04 05:23:00,24.34,68.13,BuildingB_Floor2,TypeA
1099,2025-04-04 06:06:22,23.32,34.68,BuildingB_Floor1,TypeB
1094,2025-04-08 10:24:44,32.12,36.89,BuildingA_Floor2,TypeA
1069,2025-04-07 00:45:29,32.85,49.35,BuildingB_Floor2,TypeC
1017,2025-04-04 14:36:52,32.11,73.62,BuildingB_Floor1,TypeB
1078,2025-04-06 03:34:39,24.32,62.2,BuildingA_Floor2,TypeA
1010,2025-04-07 13:08:05,17.7,56.55,BuildingA_Floor2,TypeB
1010,2025-04-06 04:30:02,32.88,57.1,BuildingA_Floor2,TypeC
1080,2025-04-08 11:24:32,26.85,51.66,BuildingA_Floor1,TypeC
1020,2025-04-07 08:06:39,18.36,77.91,BuildingB_Floor2,TypeA
1073,2025-04-08 12:11:56,32.55,66.34,BuildingA_Floor2,TypeC
1043,2025-04-04 15:08:00,34.99,50.89,BuildingB_Floor2,TypeB
1086,2025-04-06 13:22:54,18.17,76.77,BuildingB_Floor2,TypeA
1029,2025-04-07 05:13:51,33.23,51.97,BuildingA_Floor1,TypeB
1068,2025-04-05 07:56:09,27.03,34.65,BuildingA_Floor2,TypeC
1033,2025-04-05 22:09:29,31.34,53.49,BuildingB_Floor1,TypeB
1042,2025-04-06 01:40:02,32.38,62.51,BuildingA_Floor1,TypeB
1078,2025-04-05 05:25:13,16.98,44.9,BuildingA_Floor1,TypeB
1020,2025-04-07 04:31:51,34.74,39.72,BuildingA_Floor2,TypeC
1100,2025-04-08 04:10:25,33.93,44.79,BuildingB_Floor2,TypeB
1036,2025-04-06 09:16:38,30.04,30.76,BuildingA_Floor2,TypeC
1009,2025-04-08 07:48:10,28.73,43.11,BuildingA_Floor2,TypeA
1007,2025-04-04 21:49:46,19.59,38.71,BuildingA_Floor1,TypeA
1095,2025-04-05 08:45:47,29.63,30.34,BuildingB_Floor2,TypeC
1013,2025-04-08 18:51:31,15.23,76.56,BuildingB_Floor1,TypeC
1097,2025-04-04 19:27:41,18.02,61.16,BuildingB_Floor1,TypeC
1039,2025-04-08 07:59:12,33.36,77.48,BuildingA_Floor1,TypeC
1035,2025-04-05 15:17:19,16.61,75.65,BuildingB_Floor2,TypeA
1012,2025-04-04 10:45:40,29.45,71.71,BuildingA_Floor1,TypeB
1021,2025-04-05 02:37:33,34.4,60.48,BuildingA_Floor2,TypeC
1001,2025-04-06 06:33:35,32.03,36.68,BuildingB_Floor2,TypeA
1015,2025-04-05 16:57:54,32.28,51.74,BuildingA_Floor2,TypeC
1028,2025-04-08 17:09:40,21.14,55.47,BuildingB_Floor2,TypeA
1082,2025-04-08 18:07:39,18.56,41.6,BuildingB_Floor2,TypeB
1051,2025-04-05 08:51:55,22.95,41.59,BuildingB_Floor2,TypeA
1026,2025-04-04 13:15:57,34.2,53.44,BuildingB_Floor1,TypeB
1013,2025-04-04 11:27:16,23.84,65.93,BuildingB_Floor2,TypeC
1017,2025-04-04 06:51:39,15.48,31.25,BuildingB_Floor2,TypeC
1031,2025-04-08 16:22:03,23.32,76.22,BuildingB_Floor2,TypeB
1015,2025-04-04 18:07:22,27.81,34.04,BuildingA_Floor1,TypeB
1097,2025-04-04 06:50:24,24.77,78.8,BuildingB_Floor2,TypeB
1009,2025-04-06 23:28:55,25.09,36.82,BuildingB_Floor2,TypeC
1052,2025-04-06 21:07:52,30.33,77.54,BuildingB_Floor2,TypeB
1056,2025-04-08 16:40:04,18.02,58.3,BuildingB_Floor1,TypeB
1068,2025-04-06 23:00:53,21.17,42.8,BuildingA_Floor1,TypeC
1062,2025-04-06 19:12:48,24.97,36.39,BuildingB_Floor1,TypeC
1096,2025-04-05 21:09:57,21.18,71.37,BuildingA_Floor2,TypeA
1008,2025-04-07 13:02:30,34.98,67.46,BuildingA_Floor2,TypeB
1030,2025-04-05 07:21:35,16.19,44.33,BuildingA_Floor1,TypeA
1050,2025-04-05 21:07:52,15.75,46.45,BuildingB_Floor2,TypeA
1065,2025-04-07 01:37:37,22.3,47.2,BuildingA_Floor2,TypeC
1042,2025-04-08 14:39:18,31.29,62.36,BuildingB_Floor2,TypeB
1035,2025-04-05 03:38:39,33.84,69.17,BuildingB_Floor1,TypeB
1052,2025-04-06 19:56:25,33.16,50.1,BuildingA_Floor1,TypeC
1023,2025-04-04 19:53:07,29.56,77.01,BuildingA_Floor1,TypeA
1042,2025-04-08 01:56:47,34.73,41.34,BuildingB_Floor1,TypeA
1002,2025-04-04 16:10:53,18.69,72.5,BuildingA_Floor2,TypeB
1000,2025-04-08 12:11:18,27.92,46.49,BuildingB_Floor1,TypeA
1037,2025-04-06 23:30:53,32.29,56.28,BuildingB_Floor1,TypeB
1095,2025-04-08 20:30:39,26.68,65.85,BuildingB_Floor2,TypeB
1095,2025-04-07 20:17:29,29.68,60.5,BuildingA_Floor2,TypeB
1039,2025-04-08 00:07:29,22.67,74.32,BuildingA_Floor2,TypeB
1050,2025-04-07 15:52:11,21.17,62.7,BuildingA_Floor1,TypeA
1062,2025-04-07 11:56:30,19.0,72.38,BuildingA_Floor2,TypeA
1030,2025-04-07 15:57:36,23.43,78.74,BuildingA_Floor1,TypeA
1022,2025-04-08 22:15:19,26.09,52.68,BuildingA_Floor2,TypeA
1049,2025-04-05 05:28:41,30.09,64.79,BuildingB_Floor1,TypeB
1002,2025-04-07 12:12:48,34.17,32.6,BuildingA_Floor1,TypeB
1081,2025-04-07 16:23:11,18.37,42.05,BuildingA_Floor1,TypeB
1043,2025-04-07 02:19:22,25.77,47.05,BuildingA_Floor2,TypeC
1070,2025-04-06 23:55:10,28.13,60.14,BuildingA_Floor2,TypeB
1055,2025-04-07 10:28:37,23.35,52.46,BuildingB_Floor1,TypeB
1010,2025-04-05 15:50:07,15.81,59.06,BuildingA_Floor2,TypeB
1059,2025-04-05 08:56:24,17.65,47.87,BuildingB_Floor1,TypeA
1076,2025-04-08 02:49:09,22.9,42.38,BuildingB_Floor2,TypeB
1054,2025-04-07 15:14:12,28.04,56.48,BuildingB_Floor1,TypeA
1030,2025-04-04 04:58:35,15.98,55.59,BuildingA_Floor2,TypeA
1092,2025-04-04 19:39:57,28.47,35.47,BuildingA_Floor1,TypeB
1002,2025-04-06 07:50:25,28.12,72.78,BuildingA_Floor1,TypeB
1031,2025-04-07 04:40:13,26.01,38.66,BuildingB_Floor2,TypeB
1053,2025-04-07 16:43:52,27.38,73.48,BuildingA_Floor1,TypeA
1026,2025-04-07 04:36:04,32.6,43.75,BuildingA_Floor1,TypeC
1081,2025-04-04 03:07:35,21.63,38.94,BuildingB_Floor1,TypeC
1002,2025-04-08 20:29:25,25.76,63.48,BuildingB_Floor1,TypeC
1023,2025-04-08 18:25:58,33.22,54.72,BuildingB_Floor2,TypeC
1090,2025-04-07 11:47:37,29.21,63.83,BuildingB_Floor1,TypeC
1049,2025-04-07 23:58:06,30.94,43.22,BuildingA_Floor1,TypeB
1065,2025-04-06 08:49:27,21.03,62.16,BuildingA_Floor2,TypeC
1023,2025-04-05 01:47:35,27.45,63.6,BuildingB_Floor1,TypeC
1084,2025-04-04 02:10:33,22.68,49.47,BuildingA_Floor2,TypeA
1100,2025-04-08 06:53:11,27.9,72.94,BuildingB_Floor1,TypeC
1099,2025-04-06 05:22:27,26.08,50.38,BuildingA_Floor1,TypeB
1093,2025-04-08 11:14:19,18.54,79.64,BuildingA_Floor1,TypeB
1055,2025-04-07 09:28:19,33.84,53.59,BuildingB_Floor1,TypeA
1085,2025-04-04 05:12:26,23.41,72.72,BuildingB_Floor1,TypeA
1008,2025-04-06 04:50:57,25.3,61.68,BuildingB_Floor2,TypeB
1031,2025-04-05 14:34:59,28.24,71.44,BuildingB_Floor1,TypeC
1068,2025-04-04 12:34:36,29.93,59.0,BuildingB_Floor2,TypeC
1003,2025-04-04 02:10:54,27.29,34.31,BuildingB_Floor2,TypeC
1095,2025-04-07 12:36:26,23.68,44.58,BuildingA_Floor1,TypeA
1079,2025-04-07 14:17:05,34.06,57.06,BuildingB_Floor1,TypeB
1068,2025-04-07 04:14:14,19.91,73.9,BuildingA_Floor1,TypeB
1053,2025-04-08 01:15:27,24.51,63.33,BuildingA_Floor1,TypeC
1073,2025-04-08 17:36:58,24.89,33.67,BuildingB_Floor2,TypeB
1000,2025-04-07 01:58:47,21.08,47.49,BuildingA_Floor1,TypeA
1086,2025-04-06 11:46:09,31.83,42.97,BuildingB_Floor2,TypeB
1034,2025-04-08 16:40:35,33.03,47.1,BuildingA_Floor2,TypeA
1011,2025-04-07 13:00:48,21.44,47.89,BuildingB_Floor1,TypeB
1046,2025-04-08 10:38:21,34.56,56.54,BuildingA_Floor2,TypeB
1061,2025-04-06 04:52:13,17.77,78.1,BuildingA_Floor2,TypeC
1084,2025-04-04 22:57:16,31.46,61.45,BuildingA_Floor2,TypeA
1079,2025-04-08 19:44:24,34.03,31.76,BuildingA_Floor2,TypeB
1006,2025-04-08 19:18:31,25.08,67.78,BuildingB_Floor1,TypeA
1032,2025-04-06 09:07:40,28.92,65.45,BuildingB_Floor2,TypeA
1065,2025-04-06 10:22:00,24.0,30.7,BuildingB_Floor2,TypeB
1094,2025-04-06 23:24:55,31.3,66.46,BuildingA_Floor1,TypeA
1046,2025-04-07 20:47:51,33.34,40.75,BuildingA_Floor2,TypeC
1070,2025-04-04 13:41:44,19.01,53.24,BuildingA_Floor1,TypeA
1096,2025-04-08 11:27:54,16.62,37.77,BuildingA_Floor2,TypeA
1084,2025-04-08 09:31:44,27.04,40.72,BuildingA_Floor2,TypeA
1011,2025-04-04 20:28:56,22.41,70.5,BuildingA_Floor1,TypeB
1041,2025-04-06 16:38:07,15.27,33.1,BuildingB_Floor2,TypeA
1009,2025-04-07 07:04:10,30.39,73.85,BuildingB_Floor2,TypeA
1039,2025-04-05 01:07:39,27.68,53.61,BuildingA_Floor2,TypeC
1097,2025-04-06 08:46:49,18.61,34.99,BuildingA_Floor1,TypeB
1028,2025-04-04 06:55:07,15.33,72.38,BuildingB_Floor2,TypeC
1025,2025-04-08 19:07:21,32.51,78.12,BuildingB_Floor1,TypeA
1030,2025-04-07 21:28:47,23.32,74.46,BuildingB_Floor1,TypeB
1052,2025-04-06 13:33:10,27.89,32.24,BuildingA_Floor1,TypeB
1053,2025-04-06 00:05:30,18.96,43.66,BuildingB_Floor1,TypeA
1083,2025-04-08 16:53:26,27.54,67.74,BuildingB_Floor2,TypeC
1084,2025-04-05 02:54:23,18.18,33.87,BuildingA_Floor2,TypeB
1049,2025-04-06 23:59:41,24.18,37.17,BuildingB_Floor2,TypeC
1002,2025-04-08 11:26:01,23.07,63.21,BuildingB_Floor1,TypeB
1076,2025-04-07 22:03:23,18.55,58.64,BuildingA_Floor2,TypeC
1090,2025-04-04 05:55:15,27.4,58.68,BuildingB_Floor2,TypeC
1084,2025-04-04 23:20:57,30.69,68.76,BuildingA_Floor2,TypeA
1007,2025-04-05 05:19:38,20.27,79.49,BuildingB_Floor2,TypeC
1084,2025-04-04 02:44:53,24.05,35.47,BuildingA_Floor2,TypeA
1073,2025-04-08 04:11:41,24.8,60.3,BuildingB_Floor2,TypeB
1068,2025-04-04 16:09:22,17.06,76.84,BuildingB_Floor2,TypeA
1008,2025-04-08 10:47:43,21.53,72.7,BuildingA_Floor1,TypeA
1012,2025-04-06 23:53:30,22.79,48.18,BuildingA_Floor1,TypeA
1037,2025-04-05 10:23:07,30.35,47.89,BuildingB_Floor2,TypeC
1028,2025-04-08 14:36:11,28.61,45.49,BuildingA_Floor1,TypeC
1035,2025-04-07 02:19:38,21.1,56.67,BuildingB_Floor2,TypeB
1012,2025-04-05 07:52:06,19.27,48.3,BuildingB_Floor2,TypeB
1001,2025-04-05 20:09:53,27.02,37.86,BuildingA_Floor1,TypeC
1002,2025-04-05 19:53:02,17.41,77.39,BuildingA_Floor1,TypeB
1007,2025-04-04 12:01:00,20.87,60.27,BuildingB_Floor2,TypeC
1058,2025-04-04 21:01:41,33.71,43.72,BuildingB_Floor1,TypeC
1098,2025-04-08 10:31:46,16.02,40.34,BuildingA_Floor1,TypeC
1063,2025-04-04 16:15:59,17.83,61.23,BuildingB_Floor1,TypeA
1078,2025-04-04 16:07:11,18.71,61.5,BuildingA_Floor2,TypeC
1008,2025-04-05 02:34:02,32.47,50.17,BuildingB_Floor2,TypeB
1086,2025-04-04 13:09:25,21.13,38.75,BuildingB_Floor2,TypeC
1013,2025-04-06 01:54:18,32.72,52.49,BuildingA_Floor2,TypeB
1100,2025-04-08 06:10:32,28.74,76.74,BuildingB_Floor1,TypeA
1047,2025-04-05 10:16:48,28.15,55.56,BuildingB_Floor1,TypeA
1084,2025-04-04 00:44:42,23.73,48.82,BuildingB_Floor1,TypeA
1024,2025-04-08 01:53:38,23.09,48.54,BuildingA_Floor2,TypeB
1096,2025-04-05 08:55:13,22.97,30.5,BuildingA_Floor2,TypeC
1050,2025-04-08 16:33:01,28.79,30.68,BuildingA_Floor1,TypeA
1032,2025-04-05 05:32:41,30.53,59.33,BuildingA_Floor2,TypeB
1040,2025-04-07 11:53:22,34.22,55.6,BuildingA_Floor1,TypeA
1054,2025-04-04 07:54:52,30.63,35.43,BuildingB_Floor2,TypeC
1089,2025-04-08 13:35:56,23.67,37.95,BuildingB_Floor1,TypeC
1074,2025-04-07 03:32:23,15.2,44.16,BuildingA_Floor1,TypeC
1073,2025-04-04 00:11:21,15.16,66.34,BuildingA_Floor1,TypeB
1034,2025-04-05 09:00:11,17.9,78.89,BuildingB_Floor2,TypeB
1032,2025-04-08 12:03:20,30.34,39.25,BuildingB_Floor1,TypeB
1098,2025-04-06 03:03:18,32.44,35.34,BuildingA_Floor2,TypeB
1024,2025-04-08 09:57:56,24.82,61.32,BuildingA_Floor1,TypeC
1089,2025-04-05 20:13:04,17.81,36.58,BuildingB_Floor1,TypeB
1089,2025-04-06 19:45:13,24.08,74.77,BuildingA_Floor1,TypeA
1071,2025-04-06 16:36:58,18.41,63.15,BuildingB_Floor2,TypeB
1022,2025-04-07 09:06:09,29.98,50.2,BuildingB_Floor2,TypeA
1075,2025-04-05 11:23:11,19.6,54.02,BuildingA_Floor2,TypeA
1050,2025-04-07 14:01:15,18.1,32.38,BuildingB_Floor2,TypeA
1009,2025-04-05 12:05:38,32.27,64.93,BuildingA_Floor1,TypeA
1036,2025-04-05 22:51:02,28.51,68.95,BuildingA_Floor1,TypeC
1033,2025-04-08 13:43:09,20.18,57.06,BuildingA_Floor1,TypeA
1013,2025-04-07 02:56:53,34.59,64.77,BuildingB_Floor1,TypeB
1047,2025-04-06 07:43:29,31.26,66.33,BuildingA_Floor2,TypeC
1017,2025-04-06 05:04:12,16.78,64.7,BuildingA_Floor1,TypeA
1061,2025-04-06 10:18:50,22.8,64.64,BuildingA_Floor2,TypeB
1059,2025-04-04 15:53:52,19.32,58.28,BuildingB_Floor2,TypeA
1028,2025-04-08 11:05:45,20.71,70.25,BuildingB_Floor2,TypeA
1056,2025-04-06 05:53:13,24.54,61.03,BuildingA_Floor2,TypeC
1003,2025-04-07 03:48:22,24.39,44.28,BuildingB_Floor1,TypeB
1071,2025-04-04 00:23:15,28.54,30.51,BuildingB_Floor2,TypeA
1036,2025-04-05 07:12:28,24.81,40.01,BuildingB_Floor1,TypeA
1013,2025-04-05 04:42:05,34.91,56.95,BuildingB_Floor2,TypeA
1051,2025-04-04 07:49:23,19.52,57.54,BuildingB_Floor2,TypeC
1095,2025-04-08 21:50:19,17.71,40.56,BuildingA_Floor1,TypeB
1097,2025-04-05 06:00:32,29.79,44.03,BuildingA_Floor2,TypeB
1035,2025-04-04 23:23:25,33.42,78.13,BuildingB_Floor2,TypeA
1090,2025-04-08 10:52:23,34.29,38.24,BuildingB_Floor2,TypeC
1025,2025-04-07 05:30:24,24.59,59.19,BuildingA_Floor1,TypeB
1036,2025-04-08 08:59:42,27.9,48.3,BuildingA_Floor2,TypeB
1055,2025-04-07 19:06:50,17.15,40.35,BuildingA_Floor2,TypeC
1081,2025-04-04 09:28:12,26.81,42.41,BuildingB_Floor1,TypeC
1073,2025-04-08 04:57:19,20.11,41.43,BuildingA_Floor2,TypeC
1046,2025-04-05 13:14:51,15.85,36.5,BuildingA_Floor2,TypeB
1080,2025-04-04 11:38:11,18.17,37.29,BuildingA_Floor2,TypeA
1083,2025-04-06 12:37:46,31.71,41.21,BuildingB_Floor2,TypeC
1011,2025-04-08 12:18:40,32.76,77.04,BuildingB_Floor2,TypeB
1033,2025-04-07 10:38:25,29.97,56.99,BuildingA_Floor1,TypeA
1072,2025-04-04 02:16:55,18.3,47.34,BuildingA_Floor1,TypeC
1000,2025-04-07 06:03:32,24.46,49.51,BuildingB_Floor1,TypeA
1086,2025-04-06 19:32:27,15.11,67.21,BuildingA_Floor1,TypeA
1053,2025-04-08 23:22:53,28.07,36.95,BuildingB_Floor1,TypeB
1014,2025-04-07 15:00:59,34.26,71.21,BuildingB_Floor1,TypeC
1031,2025-04-04 02:57:25,29.92,34.43,BuildingB_Floor1,TypeB
1014,2025-04-05 18:12:27,32.97,51.43,BuildingB_Floor1,TypeB
1016,2025-04-06 17:49:05,21.18,56.04,BuildingA_Floor2,TypeB
1060,2025-04-06 10:37:48,32.75,73.24,BuildingA_Floor1,TypeC
1051,2025-04-08 19:29:56,19.91,70.4,BuildingA_Floor2,TypeA
1068,2025-04-06 06:21:25,24.41,40.22,BuildingA_Floor1,TypeA
1039,2025-04-07 10:14:38,21.0,51.44,BuildingA_Floor2,TypeB
1085,2025-04-07 08:53:48,23.43,64.7,BuildingA_Floor2,TypeB
1000,2025-04-04 12:42:12,16.29,79.84,BuildingB_Floor2,TypeC
1018,2025-04-06 19:08:16,19.17,54.71,BuildingA_Floor2,TypeA
1056,2025-04-05 17:18:33,20.13,35.56,BuildingA_Floor2,TypeA
1024,2025-04-04 22:42:15,24.09,76.92,BuildingA_Floor1,TypeC
1012,2025-04-08 15:10:37,20.48,47.78,BuildingB_Floor2,TypeB
1020,2025-04-08 16:34:25,31.07,41.58,BuildingB_Floor1,TypeB
1074,2025-04-05 00:36:09,29.7,73.7,BuildingA_Floor1,TypeC
1097,2025-04-07 04:58:30,28.34,53.13,BuildingA_Floor1,TypeA
1076,2025-04-08 03:04:33,24.63,53.49,BuildingB_Floor1,TypeB
1036,2025-04-08 17:01:56,33.1,74.82,BuildingA_Floor2,TypeA
1084,2025-04-07 13:53:11,18.77,37.76,BuildingA_Floor2,TypeC
1018,2025-04-06 23:28:33,25.12,45.97,BuildingA_Floor1,TypeA
1090,2025-04-06 04:13:43,24.81,73.78,BuildingB_Floor2,TypeC
1050,2025-04-05 22:56:33,25.57,47.37,BuildingA_Floor1,TypeA
1036,2025-04-05 05:20:52,17.88,78.32,BuildingA_Floor1,TypeB
1077,2025-04-08 13:03:30,24.43,68.48,BuildingA_Floor2,TypeB
1044,2025-04-08 09:07:22,20.85,31.3,BuildingB_Floor1,TypeC
1002,2025-04-07 02:40:48,23.39,65.77,BuildingB_Floor2,TypeC
1036,2025-04-07 05:22:19,29.08,70.95,BuildingB_Floor1,TypeC
1003,2025-04-07 12:40:09,34.54,66.73,BuildingB_Floor2,TypeA
1025,2025-04-08 10:58:41,17.95,64.46,BuildingA_Floor1,TypeC
1017,2025-04-07 03:56:39,17.08,61.55,BuildingA_Floor1,TypeC
1019,2025-04-06 22:15:47,16.98,36.83,BuildingA_Floor1,TypeA
1034,2025-04-08 09:38:19,19.22,68.21,BuildingB_Floor1,TypeC
1069,2025-04-08 17:26:27,33.75,31.26,BuildingB_Floor2,TypeB
1049,2025-04-04 23:15:49,24.51,75.76,BuildingB_Floor2,TypeC
1090,2025-04-04 13:15:29,25.57,49.78,BuildingA_Floor1,TypeA
1051,2025-04-07 17:14:01,20.9,55.73,BuildingB_Floor2,TypeA
1099,2025-04-04 21:34:56,34.02,61.16,BuildingB_Floor2,TypeA
1059,2025-04-05 15:48:03,22.78,50.56,BuildingB_Floor2,TypeB
1083,2025-04-05 12:09:48,19.52,48.05,BuildingB_Floor1,TypeB
1053,2025-04-04 18:21:53,23.37,45.64,BuildingB_Floor2,TypeC
1040,2025-04-05 09:19:13,32.32,69.33,BuildingA_Floor1,TypeB
1004,2025-04-06 17:26:28,24.38,61.82,BuildingB_Floor2,TypeC
1018,2025-04-04 03:13:33,33.5,67.8,BuildingB_Floor1,TypeC
1046,2025-04-08 10:04:49,29.77,59.93,BuildingA_Floor2,TypeC
1000,2025-04-08 17:53:39,20.37,74.37,BuildingB_Floor2,TypeA
1060,2025-04-04 08:13:27,27.23,44.72,BuildingA_Floor2,TypeC
1087,2025-04-05 05:45:53,16.74,57.53,BuildingA_Floor2,TypeC
1027,2025-04-08 07:03:18,25.48,31.93,BuildingA_Floor2,TypeB
1076,2025-04-05 11:10:37,20.89,55.32,BuildingA_Floor2,TypeA
1049,2025-04-07 12:45:19,34.13,45.46,BuildingA_Floor2,TypeA
1054,2025-04-05 14:38:14,15.21,49.91,BuildingB_Floor2,TypeC
1056,2025-04-05 10:30:54,24.64,45.62,BuildingB_Floor2,TypeC
1048,2025-04-08 11:24:15,34.74,60.55,BuildingB_Floor2,TypeC
1044,2025-04-07 00:56:24,26.01,35.95,BuildingB_Floor2,TypeA
1076,2025-04-06 20:01:05,34.43,72.95,BuildingB_Floor1,TypeA
1030,2025-04-04 15:59:45,21.29,43.27,BuildingA_Floor1,TypeA
1006,2025-04-04 23:24:11,28.56,38.97,BuildingB_Floor2,TypeC
1064,2025-04-08 01:25:41,19.11,51.79,BuildingA_Floor2,TypeB
1035,2025-04-07 09:15:17,23.81,53.18,BuildingB_Floor1,TypeA
1050,2025-04-06 09:21:04,28.08,38.97,BuildingB_Floor1,TypeB
1028,2025-04-07 23:40:27,15.45,58.52,BuildingA_Floor1,TypeB
1081,2025-04-05 03:11:31,20.17,43.34,BuildingB_Floor1,TypeA
1068,2025-04-07 05:48:57,20.83,31.13,BuildingA_Floor1,TypeA
1044,2025-04-04 16:27:13,25.03,59.07,BuildingB_Floor1,TypeA
1003,2025-04-05 17:01:43,16.3,48.27,BuildingB_Floor2,TypeA
1081,2025-04-06 01:39:03,31.21,60.46,BuildingB_Floor1,TypeC
1044,2025-04-08 17:53:34,28.99,76.12,BuildingB_Floor1,TypeA
1060,2025-04-04 08:24:24,21.1,36.92,BuildingA_Floor1,TypeB
1062,2025-04-08 07:57:32,20.15,70.12,BuildingB_Floor2,TypeA
1064,2025-04-07 22:13:57,23.72,56.02,BuildingB_Floor1,TypeA
1095,2025-04-05 14:08:13,22.52,71.84,BuildingA_Floor2,TypeB
1005,2025-04-05 20:22:03,28.62,75.18,BuildingA_Floor1,TypeA
1037,2025-04-05 01:51:17,30.73,72.66,BuildingB_Floor1,TypeC
1097,2025-04-08 22:55:25,19.48,48.39,BuildingA_Floor2,TypeC
1018,2025-04-07 01:59:16,30.04,52.23,BuildingB_Floor2,TypeB
1017,2025-04-08 05:54:48,31.54,38.5,BuildingB_Floor1,TypeA
1052,2025-04-06 21:56:37,18.37,36.01,BuildingB_Floor1,TypeC
1023,2025-04-04 07:01:27,15.26,63.13,BuildingB_Floor2,TypeA
1091,2025-04-04 15:50:29,24.34,32.84,BuildingA_Floor1,TypeB
1040,2025-04-07 14:27:53,23.9,39.0,BuildingB_Floor2,TypeA
1048,2025-04-04 01:34:20,18.02,54.79,BuildingB_Floor1,TypeC
1075,2025-04-04 13:32:31,31.39,65.73,BuildingA_Floor2,TypeB
1058,2025-04-08 08:41:48,15.64,70.22,BuildingA_Floor2,TypeC
1057,2025-04-07 18:01:33,18.92,61.68,BuildingA_Floor1,TypeA
1080,2025-04-07 21:06:54,16.45,61.44,BuildingA_Floor1,TypeA
1025,2025-04-08 20:40:14,20.13,56.1,BuildingB_Floor1,TypeC
1095,2025-04-07 04:36:09,31.56,54.64,BuildingB_Floor2,TypeC
1084,2025-04-08 16:42:03,19.12,41.92,BuildingA_Floor1,TypeB
1002,2025-04-06 14:17:59,15.24,48.03,BuildingB_Floor2,TypeA
1043,2025-04-06 22:28:31,20.82,51.55,BuildingA_Floor1,TypeA
1097,2025-04-08 14:51:29,31.04,63.02,BuildingB_Floor2,TypeC
1092,2025-04-05 08:58:13,27.64,40.55,BuildingA_Floor2,TypeC
1049,2025-04-04 09:44:22,19.72,44.41,BuildingB_Floor2,TypeB
1056,2025-04-07 11:01:32,17.18,39.54,BuildingB_Floor1,TypeB
1023,2025-04-06 22:13:48,16.05,70.9,BuildingB_Floor1,TypeC
1079,2025-04-05 10:34:46,16.32,41.51,BuildingA_Floor1,TypeA
1098,2025-04-07 17:45:32,30.04,57.33,BuildingB_Floor2,TypeC
1061,2025-04-06 05:45:00,33.61,48.79,BuildingA_Floor1,TypeB
1029,2025-04-06 16:50:23,33.77,47.28,BuildingA_Floor2,TypeB
1042,2025-04-08 12:51:32,34.05,38.71,BuildingB_Floor2,TypeB
1039,2025-04-08 10:28:32,16.26,78.48,BuildingB_Floor1,TypeB
1051,2025-04-06 18:19:18,24.27,74.58,BuildingB_Floor1,TypeB
1065,2025-04-06 03:41:44,15.51,69.22,BuildingA_Floor1,TypeA
1025,2025-04-08 11:19:49,20.24,49.2,BuildingB_Floor1,TypeA
1052,2025-04-04 17:10:13,29.46,44.21,BuildingA_Floor2,TypeC
1084,2025-04-06 14:55:05,24.63,48.12,BuildingB_Floor2,TypeA
1032,2025-04-05 14:07:24,15.76,72.7,BuildingB_Floor2,TypeC
1052,2025-04-06 22:15:59,24.54,59.26,BuildingA_Floor1,TypeB
1044,2025-04-06 14:18:00,31.1,49.51,BuildingB_Floor2,TypeC
1073,2025-04-07 07:23:34,18.25,43.23,BuildingA_Floor1,TypeC
1055,2025-04-06 08:10:30,20.11,39.7,BuildingB_Floor2,TypeB
1097,2025-04-04 03:26:33,17.64,62.2,BuildingB_Floor1,TypeA
1016,2025-04-04 18:59:34,27.11,76.34,BuildingA_Floor2,TypeC
1035,2025-04-05 17:48:00,25.3,44.25,BuildingB_Floor2,TypeA
1089,2025-04-07 06:37:37,22.25,74.24,BuildingA_Floor1,TypeC
1008,2025-04-06 11:16:25,17.18,66.08,BuildingA_Floor2,TypeA
1028,2025-04-06 03:29:22,22.95,75.31,BuildingB_Floor2,TypeC
1081,2025-04-07 19:32:10,29.74,61.64,BuildingB_Floor2,TypeC
1057,2025-04-05 10:56:25,25.0,34.18,BuildingA_Floor1,TypeA
1043,2025-04-07 17:52:24,22.3,54.29,BuildingA_Floor1,TypeB
1058,2025-04-04 15:16:19,34.03,40.89,BuildingA_Floor2,TypeA
1032,2025-04-05 01:45:42,18.39,61.36,BuildingB_Floor2,TypeB
1026,2025-04-07 07:47:15,22.78,64.08,BuildingA_Floor1,TypeC
1043,2025-04-08 09:09:36,20.51,70.25,BuildingA_Floor1,TypeA
1094,2025-04-04 00:13:16,34.96,60.2,BuildingA_Floor1,TypeC
1039,2025-04-08 19:23:24,17.14,48.91,BuildingA_Floor1,TypeC
1062,2025-04-05 09:29:00,32.08,38.75,BuildingB_Floor1,TypeB
1098,2025-04-08 04:07:47,16.9,43.79,BuildingA_Floor1,TypeC
1029,2025-04-05 09:21:57,27.7,52.15,BuildingA_Floor2,TypeB
1077,2025-04-08 08:23:59,23.23,68.46,BuildingA_Floor1,TypeB
1092,2025-04-07 06:03:01,22.0,56.61,BuildingB_Floor2,TypeA
1051,2025-04-06 20:59:10,32.52,69.46,BuildingA_Floor2,TypeA
1005,2025-04-07 15:21:48,26.52,40.76,BuildingA_Floor2,TypeB
1077,2025-04-07 13:42:46,21.09,46.6,BuildingA_Floor1,TypeB
1006,2025-04-05 01:54:38,18.58,42.19,BuildingA_Floor2,TypeA
1021,2025-04-08 08:55:57,17.64,34.78,BuildingB_Floor1,TypeC
1045,2025-04-04 14:11:44,31.24,43.79,BuildingB_Floor2,TypeC
1076,2025-04-06 19:12:55,28.28,59.99,BuildingB_Floor1,TypeB
1085,2025-04-04 11:36:45,34.96,36.78,BuildingA_Floor2,TypeB
1061,2025-04-08 15:19:26,26.22,66.95,BuildingA_Floor1,TypeB
1056,2025-04-06 02:22:16,15.96,47.12,BuildingA_Floor1,TypeB
1019,2025-04-04 01:49:17,34.55,58.31,BuildingB_Floor2,TypeC
1045,2025-04-08 00:51:29,19.99,38.53,BuildingB_Floor1,TypeC
1068,2025-04-07 07:47:15,23.85,76.44,BuildingA_Floor1,TypeC
1042,2025-04-07 03:51:12,15.47,30.74,BuildingA_Floor2,TypeB
1004,2025-04-07 18:21:16,29.79,73.29,BuildingB_Floor2,TypeA
1011,2025-04-07 15:52:02,21.71,65.57,BuildingB_Floor2,TypeA
1047,2025-04-08 06:27:09,17.78,61.47,BuildingA_Floor2,TypeC
1045,2025-04-04 06:21:17,20.44,34.93,BuildingA_Floor1,TypeC
1066,2025-04-05 01:57:18,32.42,58.22,BuildingA_Floor1,TypeB
1001,2025-04-05 16:50:36,34.38,42.86,BuildingB_Floor1,TypeC
1033,2025-04-07 20:15:05,20.52,58.26,BuildingB_Floor2,TypeC
1079,2025-04-05 06:02:25,26.78,57.06,BuildingA_Floor1,TypeA
1087,2025-04-06 21:36:23,18.43,72.1,BuildingA_Floor2,TypeC
1021,2025-04-04 10:40:51,25.99,37.49,BuildingB_Floor2,TypeA
1084,2025-04-07 16:01:38,30.64,75.1,BuildingB_Floor1,TypeB
1050,2025-04-08 12:22:20,23.68,68.63,BuildingB_Floor1,TypeA
1067,2025-04-04 11:27:38,31.49,52.68,BuildingB_Floor2,TypeA
1003,2025-04-06 12:26:51,34.33,79.77,BuildingA_Floor2,TypeA
1001,2025-04-04 00:01:40,25.16,35.34,BuildingA_Floor1,TypeA
1067,2025-04-07 03:27:56,31.67,60.6,BuildingA_Floor1,TypeA
1089,2025-04-06 05:50:59,15.4,68.65,BuildingB_Floor2,TypeB
1006,2025-04-04 13:36:09,19.67,45.91,BuildingA_Floor1,TypeB
1053,2025-04-07 20:59:13,26.08,32.18,BuildingB_Floor1,TypeB
1048,2025-04-04 20:41:26,25.68,76.73,BuildingA_Floor1,TypeA
1047,2025-04-07 05:14:46,33.34,51.2,BuildingB_Floor2,TypeA
1013,2025-04-04 15:33:58,17.11,37.54,BuildingA_Floor1,TypeB
1038,2025-04-07 23:13:16,33.1,78.52,BuildingA_Floor2,TypeA
1074,2025-04-04 10:10:14,27.76,78.63,BuildingA_Floor2,TypeC
1096,2025-04-06 06:34:47,32.5,64.04,BuildingB_Floor1,TypeC
1007,2025-04-06 10:39:55,21.05,75.47,BuildingA_Floor2,TypeA
1091,2025-04-07 17:41:11,16.56,77.92,BuildingA_Floor1,TypeA
1013,2025-04-07 05:11:02,20.72,41.34,BuildingB_Floor2,TypeA
1096,2025-04-07 14:37:46,23.23,55.77,BuildingB_Floor2,TypeC
1075,2025-04-05 14:53:34,27.7,39.97,BuildingB_Floor2,TypeA
1047,2025-04-05 12:49:58,26.89,47.45,BuildingA_Floor2,TypeA
1062,2025-04-07 23:30:08,32.64,39.06,BuildingA_Floor2,TypeA
1087,2025-04-05 07:37:39,20.23,68.73,BuildingA_Floor2,TypeA
1033,2025-04-05 09:32:04,21.03,32.08,BuildingA_Floor2,TypeB
1002,2025-04-06 13:18:03,23.92,39.15,BuildingA_Floor2,TypeB
1026,2025-04-04 20:20:06,22.05,33.17,BuildingB_Floor2,TypeA
1051,2025-04-08 18:47:45,25.05,66.17,BuildingA_Floor2,TypeC
1095,2025-04-07 09:01:45,31.02,79.4,BuildingB_Floor2,TypeC
1098,2025-04-04 16:42:51,17.05,39.89,BuildingB_Floor1,TypeB
1016,2025-04-06 19:57:05,15.33,76.57,BuildingA_Floor2,TypeB
1066,2025-04-05 05:38:12,27.15,71.92,BuildingA_Floor2,TypeA
1027,2025-04-04 09:50:34,32.48,37.16,BuildingA_Floor1,TypeC
1011,2025-04-05 00:54:38,21.43,45.83,BuildingA_Floor2,TypeB
1065,2025-04-05 19:56:58,18.9,78.44,BuildingA_Floor2,TypeB
1050,2025-04-05 20:06:18,28.85,34.01,BuildingB_Floor1,TypeC
1010,2025-04-06 15:30:27,30.51,42.5,BuildingA_Floor2,TypeC
1068,2025-04-04 12:10:26,20.24,45.68,BuildingA_Floor2,TypeA
1034,2025-04-08 17:22:57,20.57,47.04,BuildingB_Floor1,TypeC
1014,2025-04-06 23:20:49,21.19,34.48,BuildingB_Floor1,TypeA
1028,2025-04-04 12:58:53,27.8,77.44,BuildingB_Floor2,TypeC
1015,2025-04-06 08:17:02,26.49,75.56,BuildingB_Floor2,TypeA
1075,2025-04-04 13:53:12,29.63,50.21,BuildingA_Floor2,TypeB
1030,2025-04-05 12:32:57,32.16,60.74,BuildingB_Floor2,TypeB
1001,2025-04-06 08:26:49,24.6,50.42,BuildingB_Floor1,TypeC
1092,2025-04-04 07:34:20,22.35,50.11,BuildingB_Floor1,TypeC
1048,2025-04-08 18:00:16,23.18,74.78,BuildingB_Floor1,TypeB
1070,2025-04-05 11:48:05,31.19,32.44,BuildingB_Floor1,TypeC
1098,2025-04-04 10:39:47,16.21,74.33,BuildingA_Floor1,TypeA
1004,2025-04-08 00:48:16,28.83,43.47,BuildingB_Floor1,TypeC
1016,2025-04-05 23:59:00,27.69,35.21,BuildingB_Floor1,TypeB
1081,2025-04-04 19:48:45,32.39,44.8,BuildingB_Floor2,TypeA
1091,2025-04-08 09:19:09,26.37,64.14,BuildingA_Floor1,TypeB
1039,2025-04-08 20:20:33,24.03,36.61,BuildingB_Floor2,TypeC
1053,2025-04-07 09:34:11,27.39,56.06,BuildingA_Floor1,TypeB
1096,2025-04-08 18:27:25,32.07,56.69,BuildingA_Floor2,TypeC
1089,2025-04-06 20:58:19,33.27,31.82,BuildingB_Floor1,TypeB
1081,2025-04-08 03:56:58,25.91,48.37,BuildingB_Floor1,TypeC
1039,2025-04-08 13:42:46,22.27,55.47,BuildingB_Floor2,TypeC
1087,2025-04-05 01:00:41,29.84,75.6,BuildingA_Floor2,TypeA
1086,2025-04-07 23:29:57,25.46,37.11,BuildingB_Floor1,TypeB
1008,2025-04-04 04:21:58,33.13,41.6,BuildingA_Floor2,TypeA
1087,2025-04-06 22:34:06,21.32,44.61,BuildingA_Floor2,TypeC
1091,2025-04-06 11:13:19,32.46,45.26,BuildingA_Floor1,TypeA
1034,2025-04-05 18:04:47,32.59,78.8,BuildingB_Floor1,TypeA
1005,2025-04-05 03:46:05,27.17,53.25,BuildingA_Floor2,TypeC
1069,2025-04-05 03:30:30,21.19,47.45,BuildingB_Floor2,TypeC
1046,2025-04-07 23:48:09,21.28,45.06,BuildingA_Floor2,TypeB
1058,2025-04-05 05:22:37,18.68,51.79,BuildingA_Floor2,TypeA
1088,2025-04-04 21:04:46,34.86,74.9,BuildingA_Floor1,TypeA
1006,2025-04-06 02:32:05,29.44,76.08,BuildingA_Floor1,TypeB
1067,2025-04-06 13:37:55,20.3,40.68,BuildingA_Floor2,TypeB
1024,2025-04-08 14:42:36,28.62,40.81,BuildingB_Floor1,TypeB
1097,2025-04-08 02:58:43,34.1,78.76,BuildingB_Floor2,TypeA
1019,2025-04-08 14:26:07,19.38,69.39,BuildingA_Floor2,TypeB
1009,2025-04-07 13:46:36,23.07,69.76,BuildingB_Floor2,TypeB
1065,2025-04-05 15:35:15,18.03,51.36,BuildingA_Floor2,TypeA
1049,2025-04-08 19:53:02,18.73,53.1,BuildingA_Floor1,TypeA
1054,2025-04-07 07:28:46,34.54,60.07,BuildingB_Floor1,TypeC
1055,2025-04-07 08:06:43,23.92,40.78,BuildingA_Floor1,TypeC
1002,2025-04-04 09:51:38,16.68,70.55,BuildingB_Floor2,TypeA
1013,2025-04-08 01:26:59,20.15,47.02,BuildingA_Floor2,TypeA
1061,2025-04-04 12:09:35,24.98,66.08,BuildingA_Floor1,TypeB
1020,2025-04-06 20:57:28,26.49,60.45,BuildingA_Floor1,TypeB
1021,2025-04-04 21:05:37,26.14,69.49,BuildingA_Floor2,TypeB
1097,2025-04-07 14:22:29,20.45,64.34,BuildingA_Floor1,TypeC
1050,2025-04-06 00:16:34,21.83,35.47,BuildingA_Floor1,TypeC
1079,2025-04-04 22:19:26,23.5,71.88,BuildingA_Floor2,TypeC
